video_url,upload_date,playlist_url,duration_in_sec
https://www.youtube.com/watch?v=qU92G-Xhbdc,2025-02-24,https://www.youtube.com/watch?v=T6KoEeErJgI&list=PLHoEQB92lpXrpaxGO1zrlFMMTTveRxrTc,2640.0
https://www.youtube.com/watch?v=P-ybDYN8_xI,2025-02-23,https://www.youtube.com/watch?v=T6KoEeErJgI&list=PLHoEQB92lpXrpaxGO1zrlFMMTTveRxrTc,2683.0
https://www.youtube.com/watch?v=T6KoEeErJgI,2025-02-20,https://www.youtube.com/watch?v=T6KoEeErJgI&list=PLHoEQB92lpXrpaxGO1zrlFMMTTveRxrTc,2801.0
https://www.youtube.com/watch?v=uER-3YS6pFo,2025-02-19,https://www.youtube.com/watch?v=T6KoEeErJgI&list=PLHoEQB92lpXrpaxGO1zrlFMMTTveRxrTc,2523.0
https://www.youtube.com/watch?v=1MoE4E4Vh5Y,2025-02-18,https://www.youtube.com/watch?v=T6KoEeErJgI&list=PLHoEQB92lpXrpaxGO1zrlFMMTTveRxrTc,2689.0
https://www.youtube.com/watch?v=QYOZ6Yqvxp8,2025-02-16,https://www.youtube.com/watch?v=T6KoEeErJgI&list=PLHoEQB92lpXrpaxGO1zrlFMMTTveRxrTc,2596.0
https://www.youtube.com/watch?v=gKexaditUHQ,2025-02-13,https://www.youtube.com/watch?v=T6KoEeErJgI&list=PLHoEQB92lpXrpaxGO1zrlFMMTTveRxrTc,2575.0
https://www.youtube.com/watch?v=IZVBjLjSYMo,2025-02-12,https://www.youtube.com/watch?v=T6KoEeErJgI&list=PLHoEQB92lpXrpaxGO1zrlFMMTTveRxrTc,2596.0
https://www.youtube.com/watch?v=WxDD40WeiTY,2025-02-11,https://www.youtube.com/watch?v=T6KoEeErJgI&list=PLHoEQB92lpXrpaxGO1zrlFMMTTveRxrTc,2676.0
https://www.youtube.com/watch?v=wPWhGm8nJHE,2025-02-10,https://www.youtube.com/watch?v=T6KoEeErJgI&list=PLHoEQB92lpXrpaxGO1zrlFMMTTveRxrTc,2532.0
https://www.youtube.com/watch?v=5qB5rp1jXM0,2025-02-09,https://www.youtube.com/watch?v=T6KoEeErJgI&list=PLHoEQB92lpXrpaxGO1zrlFMMTTveRxrTc,2636.0
https://www.youtube.com/watch?v=vVKToi-aXho,2025-02-05,https://www.youtube.com/watch?v=T6KoEeErJgI&list=PLHoEQB92lpXrpaxGO1zrlFMMTTveRxrTc,2607.0
https://www.youtube.com/watch?v=zJy7fu_82NE,2025-02-04,https://www.youtube.com/watch?v=T6KoEeErJgI&list=PLHoEQB92lpXrpaxGO1zrlFMMTTveRxrTc,2682.0
https://www.youtube.com/watch?v=zM3BfMj0g98,2025-02-03,https://www.youtube.com/watch?v=T6KoEeErJgI&list=PLHoEQB92lpXrpaxGO1zrlFMMTTveRxrTc,2602.0
https://www.youtube.com/watch?v=EuHps6eySW4,2025-02-02,https://www.youtube.com/watch?v=T6KoEeErJgI&list=PLHoEQB92lpXrpaxGO1zrlFMMTTveRxrTc,2714.0
https://www.youtube.com/watch?v=xuIZHzEwav8,2025-01-30,https://www.youtube.com/watch?v=T6KoEeErJgI&list=PLHoEQB92lpXrpaxGO1zrlFMMTTveRxrTc,2551.0
https://www.youtube.com/watch?v=sL8Yr6VFuAo,2025-01-29,https://www.youtube.com/watch?v=T6KoEeErJgI&list=PLHoEQB92lpXrpaxGO1zrlFMMTTveRxrTc,2708.0
https://www.youtube.com/watch?v=JB4fsWyglLA,2025-01-27,https://www.youtube.com/watch?v=T6KoEeErJgI&list=PLHoEQB92lpXrpaxGO1zrlFMMTTveRxrTc,2724.0
https://www.youtube.com/watch?v=xVDkzN9D8ow,2025-01-26,https://www.youtube.com/watch?v=T6KoEeErJgI&list=PLHoEQB92lpXrpaxGO1zrlFMMTTveRxrTc,2640.0
https://www.youtube.com/watch?v=I70Tp923dFQ,2025-01-23,https://www.youtube.com/watch?v=T6KoEeErJgI&list=PLHoEQB92lpXrpaxGO1zrlFMMTTveRxrTc,2699.0
https://www.youtube.com/watch?v=xJIG2q3VRCQ,2025-01-21,https://www.youtube.com/watch?v=T6KoEeErJgI&list=PLHoEQB92lpXrpaxGO1zrlFMMTTveRxrTc,2612.0
https://www.youtube.com/watch?v=fMiUxeVFwzg,2025-01-19,https://www.youtube.com/watch?v=T6KoEeErJgI&list=PLHoEQB92lpXrpaxGO1zrlFMMTTveRxrTc,2634.0
https://www.youtube.com/watch?v=I4TvCTIiFqg,2025-01-16,https://www.youtube.com/watch?v=T6KoEeErJgI&list=PLHoEQB92lpXrpaxGO1zrlFMMTTveRxrTc,2650.0
https://www.youtube.com/watch?v=lNoyuPIrK9I,2025-01-15,https://www.youtube.com/watch?v=T6KoEeErJgI&list=PLHoEQB92lpXrpaxGO1zrlFMMTTveRxrTc,2624.0
https://www.youtube.com/watch?v=JpJ4ak_t2OM,2025-01-14,https://www.youtube.com/watch?v=T6KoEeErJgI&list=PLHoEQB92lpXrpaxGO1zrlFMMTTveRxrTc,4043.0
https://www.youtube.com/watch?v=SIVzpOJRTtY,2025-01-13,https://www.youtube.com/watch?v=T6KoEeErJgI&list=PLHoEQB92lpXrpaxGO1zrlFMMTTveRxrTc,2913.0
https://www.youtube.com/watch?v=6o65pQU8kY0,2025-01-12,https://www.youtube.com/watch?v=T6KoEeErJgI&list=PLHoEQB92lpXrpaxGO1zrlFMMTTveRxrTc,2647.0
https://www.youtube.com/watch?v=TsfPZoVGfNE,2025-01-09,https://www.youtube.com/watch?v=T6KoEeErJgI&list=PLHoEQB92lpXrpaxGO1zrlFMMTTveRxrTc,2642.0
https://www.youtube.com/watch?v=Sj_ntndgT7Y,2025-01-08,https://www.youtube.com/watch?v=T6KoEeErJgI&list=PLHoEQB92lpXrpaxGO1zrlFMMTTveRxrTc,2617.0
https://www.youtube.com/watch?v=F772qZ1uhm0,2025-01-07,https://www.youtube.com/watch?v=T6KoEeErJgI&list=PLHoEQB92lpXrpaxGO1zrlFMMTTveRxrTc,2631.0
https://www.youtube.com/watch?v=RBY_oGXdu_U,2025-01-30,https://www.youtube.com/watch?v=RBY_oGXdu_U&list=PL-6HEVE_Wmfmn-Oyvc_3VWRhYnpZSZLBg,971.0
https://www.youtube.com/watch?v=Avu2kttza0c,2025-01-26,https://www.youtube.com/watch?v=RBY_oGXdu_U&list=PL-6HEVE_Wmfmn-Oyvc_3VWRhYnpZSZLBg,1063.0
https://www.youtube.com/watch?v=lFsckMusgLs,2025-02-23,https://www.youtube.com/watch?v=gxAvGCE-85g&list=PLnpZ1mPyQ2FnnBvgWGbhO4vnk2IEokzGy,64.0
https://www.youtube.com/watch?v=ALmDnbdfqio,2025-02-23,https://www.youtube.com/watch?v=gxAvGCE-85g&list=PLnpZ1mPyQ2FnnBvgWGbhO4vnk2IEokzGy,440.0
https://www.youtube.com/watch?v=A_MWrU54njs,2025-02-22,https://www.youtube.com/watch?v=gxAvGCE-85g&list=PLnpZ1mPyQ2FnnBvgWGbhO4vnk2IEokzGy,271.0
https://www.youtube.com/watch?v=01Etrjfy9oM,2025-02-22,https://www.youtube.com/watch?v=gxAvGCE-85g&list=PLnpZ1mPyQ2FnnBvgWGbhO4vnk2IEokzGy,2897.0
https://www.youtube.com/watch?v=gxAvGCE-85g,2025-02-15,https://www.youtube.com/watch?v=gxAvGCE-85g&list=PLnpZ1mPyQ2FnnBvgWGbhO4vnk2IEokzGy,2697.0
https://www.youtube.com/watch?v=wGccMMUSLqc,2025-02-10,https://www.youtube.com/watch?v=gxAvGCE-85g&list=PLnpZ1mPyQ2FnnBvgWGbhO4vnk2IEokzGy,309.0
https://www.youtube.com/watch?v=WTgZm-0E5YI,2025-02-08,https://www.youtube.com/watch?v=gxAvGCE-85g&list=PLnpZ1mPyQ2FnnBvgWGbhO4vnk2IEokzGy,3364.0
https://www.youtube.com/watch?v=MIKw96hXO68,2025-02-01,https://www.youtube.com/watch?v=gxAvGCE-85g&list=PLnpZ1mPyQ2FnnBvgWGbhO4vnk2IEokzGy,3209.0
https://www.youtube.com/watch?v=_FdSmXsRUh8,2025-01-25,https://www.youtube.com/watch?v=gxAvGCE-85g&list=PLnpZ1mPyQ2FnnBvgWGbhO4vnk2IEokzGy,3138.0
https://www.youtube.com/watch?v=0pwm_g7gaPQ,2025-01-18,https://www.youtube.com/watch?v=gxAvGCE-85g&list=PLnpZ1mPyQ2FnnBvgWGbhO4vnk2IEokzGy,3351.0
https://www.youtube.com/watch?v=Dl_27CG95no,2025-01-11,https://www.youtube.com/watch?v=gxAvGCE-85g&list=PLnpZ1mPyQ2FnnBvgWGbhO4vnk2IEokzGy,3102.0
https://www.youtube.com/watch?v=D8lu5gHlvrY,2025-01-04,https://www.youtube.com/watch?v=gxAvGCE-85g&list=PLnpZ1mPyQ2FnnBvgWGbhO4vnk2IEokzGy,3206.0
https://www.youtube.com/watch?v=7it5YpsVmV4,2024-12-21,https://www.youtube.com/watch?v=gxAvGCE-85g&list=PLnpZ1mPyQ2FnnBvgWGbhO4vnk2IEokzGy,3064.0
https://www.youtube.com/watch?v=bF6Tn_hGFAQ,2024-12-14,https://www.youtube.com/watch?v=gxAvGCE-85g&list=PLnpZ1mPyQ2FnnBvgWGbhO4vnk2IEokzGy,3006.0
https://www.youtube.com/watch?v=Sm5QCojNtAM,2024-12-07,https://www.youtube.com/watch?v=gxAvGCE-85g&list=PLnpZ1mPyQ2FnnBvgWGbhO4vnk2IEokzGy,3285.0
https://www.youtube.com/watch?v=Xd1kWfXfZ-0,2024-11-30,https://www.youtube.com/watch?v=gxAvGCE-85g&list=PLnpZ1mPyQ2FnnBvgWGbhO4vnk2IEokzGy,3467.0
https://www.youtube.com/watch?v=7ysTQrabmsE,2024-11-23,https://www.youtube.com/watch?v=gxAvGCE-85g&list=PLnpZ1mPyQ2FnnBvgWGbhO4vnk2IEokzGy,3185.0
https://www.youtube.com/watch?v=Z-0vhUeCLKU,2024-11-16,https://www.youtube.com/watch?v=gxAvGCE-85g&list=PLnpZ1mPyQ2FnnBvgWGbhO4vnk2IEokzGy,3225.0
https://www.youtube.com/watch?v=uH1UwEiGYI0,2025-02-17,https://www.youtube.com/watch?v=uH1UwEiGYI0&list=PLaCMMggEC0oiSShHOMEy5n1nlMnRcVipa,2993.0
https://www.youtube.com/watch?v=0dIEsOdj1ho,2024-12-20,https://www.youtube.com/watch?v=uH1UwEiGYI0&list=PLaCMMggEC0oiSShHOMEy5n1nlMnRcVipa,2893.0
https://www.youtube.com/watch?v=yXRmWxHc8MY,2024-12-14,https://www.youtube.com/watch?v=uH1UwEiGYI0&list=PLaCMMggEC0oiSShHOMEy5n1nlMnRcVipa,2294.0
https://www.youtube.com/watch?v=2AhXKywPrkw,2024-11-22,https://www.youtube.com/watch?v=uH1UwEiGYI0&list=PLaCMMggEC0oiSShHOMEy5n1nlMnRcVipa,2993.0
https://www.youtube.com/watch?v=-BxTdng4zek,2024-11-08,https://www.youtube.com/watch?v=uH1UwEiGYI0&list=PLaCMMggEC0oiSShHOMEy5n1nlMnRcVipa,2297.0
https://www.youtube.com/watch?v=uG7R2nIhnfw,2024-11-01,https://www.youtube.com/watch?v=uH1UwEiGYI0&list=PLaCMMggEC0oiSShHOMEy5n1nlMnRcVipa,2893.0
https://www.youtube.com/watch?v=OdBm5CYvWZQ,2024-10-25,https://www.youtube.com/watch?v=uH1UwEiGYI0&list=PLaCMMggEC0oiSShHOMEy5n1nlMnRcVipa,2537.0
https://www.youtube.com/watch?v=f0oqcdfIvqE,2024-10-19,https://www.youtube.com/watch?v=uH1UwEiGYI0&list=PLaCMMggEC0oiSShHOMEy5n1nlMnRcVipa,2925.0
https://www.youtube.com/watch?v=OCcz0MnCaD8,2024-09-20,https://www.youtube.com/watch?v=uH1UwEiGYI0&list=PLaCMMggEC0oiSShHOMEy5n1nlMnRcVipa,2821.0
https://www.youtube.com/watch?v=hFE8cz2quJw,2024-09-13,https://www.youtube.com/watch?v=uH1UwEiGYI0&list=PLaCMMggEC0oiSShHOMEy5n1nlMnRcVipa,2591.0
https://www.youtube.com/watch?v=FNMkXoqzYOQ,2025-02-09,https://www.youtube.com/watch?v=FNMkXoqzYOQ&list=PL-6HEVE_WmflVBI9LmPBBpcFGxsSmLQcJ,2211.0
https://www.youtube.com/watch?v=52c9NuHSjjE,2025-01-26,https://www.youtube.com/watch?v=FNMkXoqzYOQ&list=PL-6HEVE_WmflVBI9LmPBBpcFGxsSmLQcJ,2423.0
https://www.youtube.com/watch?v=Mycpk9AhC-E,2025-02-08,https://www.youtube.com/watch?v=Mycpk9AhC-E&list=PLaCMMggEC0oiPSyxQK4HoE6olwhYXcdo2,3290.0
https://www.youtube.com/watch?v=VBPyyWOkpvk,2025-01-20,https://www.youtube.com/watch?v=Mycpk9AhC-E&list=PLaCMMggEC0oiPSyxQK4HoE6olwhYXcdo2,2645.0
https://www.youtube.com/watch?v=8Q7177hvsyY,2025-01-11,https://www.youtube.com/watch?v=Mycpk9AhC-E&list=PLaCMMggEC0oiPSyxQK4HoE6olwhYXcdo2,2596.0
https://www.youtube.com/watch?v=6o_yp9hNwQ8,2024-12-24,https://www.youtube.com/watch?v=Mycpk9AhC-E&list=PLaCMMggEC0oiPSyxQK4HoE6olwhYXcdo2,2881.0
https://www.youtube.com/watch?v=b5TeyFBxQAQ,2024-12-10,https://www.youtube.com/watch?v=Mycpk9AhC-E&list=PLaCMMggEC0oiPSyxQK4HoE6olwhYXcdo2,2699.0
https://www.youtube.com/watch?v=W5xpWvIawBU,2024-11-19,https://www.youtube.com/watch?v=Mycpk9AhC-E&list=PLaCMMggEC0oiPSyxQK4HoE6olwhYXcdo2,2857.0
https://www.youtube.com/watch?v=P6hZGxp_TVs,2024-11-12,https://www.youtube.com/watch?v=Mycpk9AhC-E&list=PLaCMMggEC0oiPSyxQK4HoE6olwhYXcdo2,3045.0
https://www.youtube.com/watch?v=SfqvINjjGEU,2024-11-05,https://www.youtube.com/watch?v=Mycpk9AhC-E&list=PLaCMMggEC0oiPSyxQK4HoE6olwhYXcdo2,3051.0
https://www.youtube.com/watch?v=VShdkEHtNXY,2024-10-22,https://www.youtube.com/watch?v=Mycpk9AhC-E&list=PLaCMMggEC0oiPSyxQK4HoE6olwhYXcdo2,2732.0
https://www.youtube.com/watch?v=2U_WJ0bk82Y,2024-09-21,https://www.youtube.com/watch?v=Mycpk9AhC-E&list=PLaCMMggEC0oiPSyxQK4HoE6olwhYXcdo2,2983.0
https://www.youtube.com/watch?v=xcMSiB1P44A,2024-09-14,https://www.youtube.com/watch?v=Mycpk9AhC-E&list=PLaCMMggEC0oiPSyxQK4HoE6olwhYXcdo2,3152.0
https://www.youtube.com/watch?v=M3VXTRuob74,2025-01-05,https://www.youtube.com/channel/UCRZbOp2MWx2_E_saDrx57aQ,287.0
https://www.youtube.com/watch?v=lka9zBT6rlY,2024-12-29,https://www.youtube.com/channel/UCRZbOp2MWx2_E_saDrx57aQ,822.0
https://www.youtube.com/watch?v=TxY8uNV4Tk8,2024-12-19,https://www.youtube.com/channel/UCRZbOp2MWx2_E_saDrx57aQ,507.0
https://www.youtube.com/watch?v=837iNJeeZrU,2024-12-16,https://www.youtube.com/channel/UCRZbOp2MWx2_E_saDrx57aQ,192.0
https://www.youtube.com/shorts/fEusGMWQ-8c,2025-02-09,https://www.youtube.com/channel/UCRZbOp2MWx2_E_saDrx57aQ,73.0
https://www.youtube.com/shorts/zbMTCNILgKE,2025-02-05,https://www.youtube.com/channel/UCRZbOp2MWx2_E_saDrx57aQ,63.0
https://www.youtube.com/shorts/8f0nY5xTfzI,2025-02-04,https://www.youtube.com/channel/UCRZbOp2MWx2_E_saDrx57aQ,76.0
https://www.youtube.com/shorts/1FUIUmj4s34,2025-02-03,https://www.youtube.com/channel/UCRZbOp2MWx2_E_saDrx57aQ,69.0
https://www.youtube.com/shorts/3VZaJml4GZw,2025-02-01,https://www.youtube.com/channel/UCRZbOp2MWx2_E_saDrx57aQ,61.0
https://www.youtube.com/shorts/UFuMRUOHEz4,2025-01-29,https://www.youtube.com/channel/UCRZbOp2MWx2_E_saDrx57aQ,176.0
https://www.youtube.com/shorts/oVYyBpyCICA,2025-01-28,https://www.youtube.com/channel/UCRZbOp2MWx2_E_saDrx57aQ,60.0
https://www.youtube.com/shorts/EjodUoIu3po,2025-01-27,https://www.youtube.com/channel/UCRZbOp2MWx2_E_saDrx57aQ,112.0
https://www.youtube.com/shorts/pEeKQkz-GAk,2025-01-25,https://www.youtube.com/channel/UCRZbOp2MWx2_E_saDrx57aQ,101.0
https://www.youtube.com/shorts/5WLS0s9NvXQ,2025-01-23,https://www.youtube.com/channel/UCRZbOp2MWx2_E_saDrx57aQ,70.0
https://www.youtube.com/shorts/TS0Gpsbi9bw,2025-01-22,https://www.youtube.com/channel/UCRZbOp2MWx2_E_saDrx57aQ,125.0
https://www.youtube.com/shorts/s9BRlFiiJyM,2025-01-20,https://www.youtube.com/channel/UCRZbOp2MWx2_E_saDrx57aQ,78.0
https://www.youtube.com/shorts/Ij6RarANZAo,2025-01-19,https://www.youtube.com/channel/UCRZbOp2MWx2_E_saDrx57aQ,138.0
https://www.youtube.com/shorts/hPLxz8Rd7BQ,2025-01-18,https://www.youtube.com/channel/UCRZbOp2MWx2_E_saDrx57aQ,73.0
https://www.youtube.com/shorts/atLVDBMV4jA,2025-01-15,https://www.youtube.com/channel/UCRZbOp2MWx2_E_saDrx57aQ,88.0
https://www.youtube.com/shorts/WpLgFYZnSPw,2025-01-13,https://www.youtube.com/channel/UCRZbOp2MWx2_E_saDrx57aQ,96.0
https://www.youtube.com/watch?v=zSJd2fx0Eoo,2024-09-23,https://www.youtube.com/watch?v=zSJd2fx0Eoo&list=PLaCMMggEC0ojqxHdrSJCo2BUqhyn_3Yh3,1897.0
https://www.youtube.com/watch?v=kKXYDBybNW0,2024-09-22,https://www.youtube.com/watch?v=zSJd2fx0Eoo&list=PLaCMMggEC0ojqxHdrSJCo2BUqhyn_3Yh3,1859.0
https://www.youtube.com/watch?v=Al5hEoVL3fs,2024-09-21,https://www.youtube.com/watch?v=zSJd2fx0Eoo&list=PLaCMMggEC0ojqxHdrSJCo2BUqhyn_3Yh3,1005.0
https://www.youtube.com/watch?v=3Q-Kzt3bumk,2024-09-20,https://www.youtube.com/watch?v=zSJd2fx0Eoo&list=PLaCMMggEC0ojqxHdrSJCo2BUqhyn_3Yh3,1217.0
https://www.youtube.com/watch?v=mEHKEOZ75NQ,2024-09-19,https://www.youtube.com/watch?v=zSJd2fx0Eoo&list=PLaCMMggEC0ojqxHdrSJCo2BUqhyn_3Yh3,2564.0
https://www.youtube.com/watch?v=pDvQRgUAoFA,2024-09-18,https://www.youtube.com/watch?v=zSJd2fx0Eoo&list=PLaCMMggEC0ojqxHdrSJCo2BUqhyn_3Yh3,1967.0
https://www.youtube.com/watch?v=llBkgoxUVo0,2024-09-16,https://www.youtube.com/watch?v=zSJd2fx0Eoo&list=PLaCMMggEC0ojqxHdrSJCo2BUqhyn_3Yh3,2012.0
https://www.youtube.com/watch?v=WzCqxugORac,2025-02-16,https://www.youtube.com/watch?v=WzCqxugORac&list=PLaN8UhCA4DZLkcmVXZPZ1gFCoRmzYnUzx,1538.0
https://www.youtube.com/watch?v=NtAnoooZsTg,2025-02-02,https://www.youtube.com/watch?v=WzCqxugORac&list=PLaN8UhCA4DZLkcmVXZPZ1gFCoRmzYnUzx,1589.0
https://www.youtube.com/watch?v=FfQw6oRotvI,2025-01-19,https://www.youtube.com/watch?v=WzCqxugORac&list=PLaN8UhCA4DZLkcmVXZPZ1gFCoRmzYnUzx,1492.0
https://www.youtube.com/watch?v=yOgD4AeRzcg,2025-01-12,https://www.youtube.com/watch?v=WzCqxugORac&list=PLaN8UhCA4DZLkcmVXZPZ1gFCoRmzYnUzx,1439.0
https://www.youtube.com/watch?v=pxic7eCGjwQ,2024-10-19,https://www.youtube.com/watch?v=cNrbP6_QCqA&list=PLA-ufGbClOXZR6JNVGAI-dRRKHtPOJKBr&index=114,3190.0
https://www.youtube.com/watch?v=fH5iHiB1hnQ,2025-01-20,https://www.youtube.com/watch?v=cNrbP6_QCqA&list=PLA-ufGbClOXZR6JNVGAI-dRRKHtPOJKBr&index=114,120.0
https://www.youtube.com/watch?v=Wa8RPc9QafQ,2024-11-02,https://www.youtube.com/watch?v=cNrbP6_QCqA&list=PLA-ufGbClOXZR6JNVGAI-dRRKHtPOJKBr&index=114,3062.0
https://www.youtube.com/watch?v=XnExjvoAUjQ,2025-01-18,https://www.youtube.com/watch?v=cNrbP6_QCqA&list=PLA-ufGbClOXZR6JNVGAI-dRRKHtPOJKBr&index=114,3215.0
https://www.youtube.com/watch?v=7XLM2Up-LjA,2025-02-17,https://www.youtube.com/watch?v=cNrbP6_QCqA&list=PLA-ufGbClOXZR6JNVGAI-dRRKHtPOJKBr&index=114,104.0
https://www.youtube.com/watch?v=24yTkb2ZpEs,2024-12-16,https://www.youtube.com/watch?v=cNrbP6_QCqA&list=PLA-ufGbClOXZR6JNVGAI-dRRKHtPOJKBr&index=114,116.0
https://www.youtube.com/watch?v=7jZt4alGQ5I,2024-11-11,https://www.youtube.com/watch?v=cNrbP6_QCqA&list=PLA-ufGbClOXZR6JNVGAI-dRRKHtPOJKBr&index=114,174.0
https://www.youtube.com/watch?v=VnlUACbU_Pc,2025-02-02,https://www.youtube.com/watch?v=cNrbP6_QCqA&list=PLA-ufGbClOXZR6JNVGAI-dRRKHtPOJKBr&index=114,152.0
https://www.youtube.com/watch?v=ndW5BWW-RUE,2024-11-18,https://www.youtube.com/watch?v=cNrbP6_QCqA&list=PLA-ufGbClOXZR6JNVGAI-dRRKHtPOJKBr&index=114,141.0
https://www.youtube.com/watch?v=zZVmfNLtmp8,2025-02-11,https://www.youtube.com/watch?v=cNrbP6_QCqA&list=PLA-ufGbClOXZR6JNVGAI-dRRKHtPOJKBr&index=114,117.0
https://www.youtube.com/watch?v=ylPUq8zyHe0,2025-01-15,https://www.youtube.com/watch?v=cNrbP6_QCqA&list=PLA-ufGbClOXZR6JNVGAI-dRRKHtPOJKBr&index=114,189.0
https://www.youtube.com/watch?v=nvZpJotj1Sk,2024-11-19,https://www.youtube.com/watch?v=cNrbP6_QCqA&list=PLA-ufGbClOXZR6JNVGAI-dRRKHtPOJKBr&index=114,76.0
https://www.youtube.com/watch?v=Cs5s7h1U4BQ,2024-09-16,https://www.youtube.com/watch?v=cNrbP6_QCqA&list=PLA-ufGbClOXZR6JNVGAI-dRRKHtPOJKBr&index=114,154.0
https://www.youtube.com/watch?v=za4XpvfpThU,2024-10-22,https://www.youtube.com/watch?v=cNrbP6_QCqA&list=PLA-ufGbClOXZR6JNVGAI-dRRKHtPOJKBr&index=114,160.0
https://www.youtube.com/watch?v=-hWxaVEunF8,2025-02-03,https://www.youtube.com/watch?v=cNrbP6_QCqA&list=PLA-ufGbClOXZR6JNVGAI-dRRKHtPOJKBr&index=114,143.0
https://www.youtube.com/watch?v=CTjVR0EJZik,2025-01-26,https://www.youtube.com/watch?v=cNrbP6_QCqA&list=PLA-ufGbClOXZR6JNVGAI-dRRKHtPOJKBr&index=114,208.0
https://www.youtube.com/watch?v=z0EMUpgRiXM,2024-09-15,https://www.youtube.com/watch?v=cNrbP6_QCqA&list=PLA-ufGbClOXZR6JNVGAI-dRRKHtPOJKBr&index=114,162.0
https://www.youtube.com/watch?v=6btj4AsQxu0,2024-10-24,https://www.youtube.com/watch?v=cNrbP6_QCqA&list=PLA-ufGbClOXZR6JNVGAI-dRRKHtPOJKBr&index=114,209.0
https://www.youtube.com/watch?v=iHQEKOF0XaI,2024-10-03,https://www.youtube.com/watch?v=cNrbP6_QCqA&list=PLA-ufGbClOXZR6JNVGAI-dRRKHtPOJKBr&index=114,179.0
https://www.youtube.com/watch?v=rGUAUqO82M4,2025-01-27,https://www.youtube.com/watch?v=cNrbP6_QCqA&list=PLA-ufGbClOXZR6JNVGAI-dRRKHtPOJKBr&index=114,192.0
https://www.youtube.com/watch?v=ZC7oMmhaST8,2024-12-21,https://www.youtube.com/watch?v=cNrbP6_QCqA&list=PLA-ufGbClOXZR6JNVGAI-dRRKHtPOJKBr&index=114,2904.0
https://www.youtube.com/watch?v=p1TEeMc9zlM,2025-01-16,https://www.youtube.com/watch?v=cNrbP6_QCqA&list=PLA-ufGbClOXZR6JNVGAI-dRRKHtPOJKBr&index=114,68.0
https://www.youtube.com/watch?v=rpCLcdntTTI,2025-01-25,https://www.youtube.com/watch?v=cNrbP6_QCqA&list=PLA-ufGbClOXZR6JNVGAI-dRRKHtPOJKBr&index=114,3067.0
https://www.youtube.com/watch?v=L8RsGeKOAb0,2024-12-24,https://www.youtube.com/watch?v=cNrbP6_QCqA&list=PLA-ufGbClOXZR6JNVGAI-dRRKHtPOJKBr&index=114,101.0
https://www.youtube.com/watch?v=aC1qRqdHXLc,2025-01-04,https://www.youtube.com/watch?v=cNrbP6_QCqA&list=PLA-ufGbClOXZR6JNVGAI-dRRKHtPOJKBr&index=114,3356.0
https://www.youtube.com/watch?v=nAexNkzN93w,2024-09-23,https://www.youtube.com/watch?v=cNrbP6_QCqA&list=PLA-ufGbClOXZR6JNVGAI-dRRKHtPOJKBr&index=114,131.0
https://www.youtube.com/watch?v=z9qR4Cy59Uo,2024-11-16,https://www.youtube.com/watch?v=cNrbP6_QCqA&list=PLA-ufGbClOXZR6JNVGAI-dRRKHtPOJKBr&index=114,3050.0
https://www.youtube.com/watch?v=aWfZHyn__CY,2024-12-19,https://www.youtube.com/watch?v=cNrbP6_QCqA&list=PLA-ufGbClOXZR6JNVGAI-dRRKHtPOJKBr&index=114,159.0
https://www.youtube.com/watch?v=yazEFCW9j4Y,2024-11-09,https://www.youtube.com/watch?v=cNrbP6_QCqA&list=PLA-ufGbClOXZR6JNVGAI-dRRKHtPOJKBr&index=114,2799.0
https://www.youtube.com/watch?v=gMr3kcp6DPw,2024-11-12,https://www.youtube.com/watch?v=cNrbP6_QCqA&list=PLA-ufGbClOXZR6JNVGAI-dRRKHtPOJKBr&index=114,145.0
https://www.youtube.com/watch?v=o1RHIaMx1s4,2025-01-09,https://www.youtube.com/watch?v=cNrbP6_QCqA&list=PLA-ufGbClOXZR6JNVGAI-dRRKHtPOJKBr&index=114,128.0
https://www.youtube.com/watch?v=xa-PU_ylLlY,2024-12-28,https://www.youtube.com/watch?v=cNrbP6_QCqA&list=PLA-ufGbClOXZR6JNVGAI-dRRKHtPOJKBr&index=114,3534.0
https://www.youtube.com/watch?v=A1MBQ_IlYvY,2025-02-08,https://www.youtube.com/watch?v=cNrbP6_QCqA&list=PLA-ufGbClOXZR6JNVGAI-dRRKHtPOJKBr&index=114,3267.0
https://www.youtube.com/watch?v=5aS2KFDvL80,2024-09-21,https://www.youtube.com/watch?v=cNrbP6_QCqA&list=PLA-ufGbClOXZR6JNVGAI-dRRKHtPOJKBr&index=114,2930.0
https://www.youtube.com/watch?v=XowldvMQwrU,2025-01-22,https://www.youtube.com/watch?v=cNrbP6_QCqA&list=PLA-ufGbClOXZR6JNVGAI-dRRKHtPOJKBr&index=114,101.0
https://www.youtube.com/watch?v=lqvXDxEvtIo,2024-09-28,https://www.youtube.com/watch?v=cNrbP6_QCqA&list=PLA-ufGbClOXZR6JNVGAI-dRRKHtPOJKBr&index=114,3109.0
https://www.youtube.com/watch?v=uJKXLMA3fVM,2024-09-30,https://www.youtube.com/watch?v=cNrbP6_QCqA&list=PLA-ufGbClOXZR6JNVGAI-dRRKHtPOJKBr&index=114,132.0
https://www.youtube.com/watch?v=Ufdps83QtCw,2024-09-14,https://www.youtube.com/watch?v=cNrbP6_QCqA&list=PLA-ufGbClOXZR6JNVGAI-dRRKHtPOJKBr&index=114,110.0
https://www.youtube.com/watch?v=elaXwqw7bh8,2025-01-23,https://www.youtube.com/watch?v=cNrbP6_QCqA&list=PLA-ufGbClOXZR6JNVGAI-dRRKHtPOJKBr&index=114,85.0
https://www.youtube.com/watch?v=AmcVbdyDCyo,2024-12-31,https://www.youtube.com/watch?v=cNrbP6_QCqA&list=PLA-ufGbClOXZR6JNVGAI-dRRKHtPOJKBr&index=114,202.0
https://www.youtube.com/watch?v=Vjgc1lV_gDQ,2025-01-21,https://www.youtube.com/watch?v=cNrbP6_QCqA&list=PLA-ufGbClOXZR6JNVGAI-dRRKHtPOJKBr&index=114,140.0
https://www.youtube.com/watch?v=5rbIXOwntjw,2024-09-22,https://www.youtube.com/watch?v=cNrbP6_QCqA&list=PLA-ufGbClOXZR6JNVGAI-dRRKHtPOJKBr&index=114,136.0
https://www.youtube.com/watch?v=AMugkM5ozhs,2025-02-12,https://www.youtube.com/watch?v=cNrbP6_QCqA&list=PLA-ufGbClOXZR6JNVGAI-dRRKHtPOJKBr&index=114,123.0
https://www.youtube.com/watch?v=o25E8y5Y_Js,2024-11-17,https://www.youtube.com/watch?v=cNrbP6_QCqA&list=PLA-ufGbClOXZR6JNVGAI-dRRKHtPOJKBr&index=114,139.0
https://www.youtube.com/watch?v=B2N1DrcWwq4,2024-12-26,https://www.youtube.com/watch?v=cNrbP6_QCqA&list=PLA-ufGbClOXZR6JNVGAI-dRRKHtPOJKBr&index=114,197.0
https://www.youtube.com/watch?v=RbbiHhBbE4I,2024-12-24,https://www.youtube.com/watch?v=cNrbP6_QCqA&list=PLA-ufGbClOXZR6JNVGAI-dRRKHtPOJKBr&index=114,152.0
https://www.youtube.com/watch?v=ax74yrl_BzU,2025-01-14,https://www.youtube.com/watch?v=cNrbP6_QCqA&list=PLA-ufGbClOXZR6JNVGAI-dRRKHtPOJKBr&index=114,141.0
https://www.youtube.com/watch?v=bO-mxK1XH_g,2025-01-10,https://www.youtube.com/watch?v=cNrbP6_QCqA&list=PLA-ufGbClOXZR6JNVGAI-dRRKHtPOJKBr&index=114,103.0
https://www.youtube.com/watch?v=oM5hSeh8-bw,2024-11-01,https://www.youtube.com/watch?v=cNrbP6_QCqA&list=PLA-ufGbClOXZR6JNVGAI-dRRKHtPOJKBr&index=114,183.0
https://www.youtube.com/watch?v=pfXb6Pmhpuo,2024-09-14,https://www.youtube.com/watch?v=cNrbP6_QCqA&list=PLA-ufGbClOXZR6JNVGAI-dRRKHtPOJKBr&index=114,3167.0
https://www.youtube.com/watch?v=y8CLI5_3C3U,2025-02-16,https://www.youtube.com/watch?v=y8CLI5_3C3U&list=PL-6HEVE_WmflNKH3adoZd9d02mluVzu18,3036.0
https://www.youtube.com/watch?v=Fum34jEoE64,2025-02-09,https://www.youtube.com/watch?v=y8CLI5_3C3U&list=PL-6HEVE_WmflNKH3adoZd9d02mluVzu18,2895.0
https://www.youtube.com/watch?v=6i-mDshsMsg,2025-02-02,https://www.youtube.com/watch?v=y8CLI5_3C3U&list=PL-6HEVE_WmflNKH3adoZd9d02mluVzu18,3164.0
https://www.youtube.com/watch?v=Ao5ovZ6v8DM,2025-02-07,https://www.youtube.com/watch?v=Ao5ovZ6v8DM&list=PLaCMMggEC0ojiKXH1C3ZI7x3QydhPtJiE,1089.0
https://www.youtube.com/watch?v=WFHkGAA4e3Q,2025-01-17,https://www.youtube.com/watch?v=Ao5ovZ6v8DM&list=PLaCMMggEC0ojiKXH1C3ZI7x3QydhPtJiE,1330.0
https://www.youtube.com/watch?v=93aoZySTZZ0,2025-01-10,https://www.youtube.com/watch?v=Ao5ovZ6v8DM&list=PLaCMMggEC0ojiKXH1C3ZI7x3QydhPtJiE,1228.0
https://www.youtube.com/watch?v=wa1pLKi64H8,2024-11-08,https://www.youtube.com/watch?v=wa1pLKi64H8&list=PLN-Bxa8Yov1hOByLye_lFWzJcXlCb4eAp,2445.0
https://www.youtube.com/watch?v=UQiefAtRQWs,2024-11-01,https://www.youtube.com/watch?v=wa1pLKi64H8&list=PLN-Bxa8Yov1hOByLye_lFWzJcXlCb4eAp,2307.0
https://www.youtube.com/watch?v=FOUjkZrFpd4,2024-11-29,https://www.youtube.com/watch?v=wa1pLKi64H8&list=PLN-Bxa8Yov1hOByLye_lFWzJcXlCb4eAp,2760.0
https://www.youtube.com/watch?v=Neg6T0MwG-8,2024-10-17,https://www.youtube.com/watch?v=wa1pLKi64H8&list=PLN-Bxa8Yov1hOByLye_lFWzJcXlCb4eAp,2182.0
https://www.youtube.com/watch?v=ljgY4jUZtdg,2024-10-11,https://www.youtube.com/watch?v=wa1pLKi64H8&list=PLN-Bxa8Yov1hOByLye_lFWzJcXlCb4eAp,2277.0
https://www.youtube.com/watch?v=YmbhaRkOrfE,2024-10-03,https://www.youtube.com/watch?v=wa1pLKi64H8&list=PLN-Bxa8Yov1hOByLye_lFWzJcXlCb4eAp,2467.0
https://www.youtube.com/watch?v=EuVPmqqV6vU,2024-09-27,https://www.youtube.com/watch?v=wa1pLKi64H8&list=PLN-Bxa8Yov1hOByLye_lFWzJcXlCb4eAp,2093.0
https://www.youtube.com/watch?v=9dq51ZaSp28,2024-09-19,https://www.youtube.com/watch?v=wa1pLKi64H8&list=PLN-Bxa8Yov1hOByLye_lFWzJcXlCb4eAp,1752.0
https://www.youtube.com/watch?v=xOuXPxRbXRE,2024-09-13,https://www.youtube.com/watch?v=wa1pLKi64H8&list=PLN-Bxa8Yov1hOByLye_lFWzJcXlCb4eAp,1841.0
https://www.youtube.com/watch?v=5Z4EzAPyo-Y,2025-01-31,https://www.youtube.com/watch?v=wa1pLKi64H8&list=PLN-Bxa8Yov1hOByLye_lFWzJcXlCb4eAp,2980.0
https://www.youtube.com/watch?v=XI0BWwqOTFk,2025-02-02,https://www.youtube.com/watch?v=wa1pLKi64H8&list=PLN-Bxa8Yov1hOByLye_lFWzJcXlCb4eAp,60.0
https://www.youtube.com/watch?v=AJdf6v3qNzc,2025-02-14,https://www.youtube.com/watch?v=wa1pLKi64H8&list=PLN-Bxa8Yov1hOByLye_lFWzJcXlCb4eAp,2888.0
https://www.youtube.com/watch?v=CPyIAnDSiEg,2025-02-14,https://www.youtube.com/watch?v=wa1pLKi64H8&list=PLN-Bxa8Yov1hOByLye_lFWzJcXlCb4eAp,70.0
https://www.youtube.com/watch?v=GIuCUx55sIY,2025-02-17,https://www.youtube.com/watch?v=2PiSb0lDhCI&list=PL-6HEVE_Wmfky-I_zQXt2k__P5DPgCh8w,2900.0
https://www.youtube.com/watch?v=2PiSb0lDhCI,2025-02-03,https://www.youtube.com/watch?v=2PiSb0lDhCI&list=PL-6HEVE_Wmfky-I_zQXt2k__P5DPgCh8w,2223.0
https://www.youtube.com/watch?v=nsF45uP2Iq0,2025-01-26,https://www.youtube.com/watch?v=2PiSb0lDhCI&list=PL-6HEVE_Wmfky-I_zQXt2k__P5DPgCh8w,2778.0
https://www.youtube.com/watch?v=eUlnC2F8G14,2025-01-26,https://www.youtube.com/watch?v=2PiSb0lDhCI&list=PL-6HEVE_Wmfky-I_zQXt2k__P5DPgCh8w,1936.0
https://www.youtube.com/watch?v=WFpFIkyqxe8,2025-02-06,https://www.youtube.com/watch?v=WFpFIkyqxe8&list=PLaCMMggEC0ojcreNFq38Iv5YHCpsCGAVq,1089.0
https://www.youtube.com/watch?v=qdbHbjlILrk,2025-01-30,https://www.youtube.com/watch?v=WFpFIkyqxe8&list=PLaCMMggEC0ojcreNFq38Iv5YHCpsCGAVq,1151.0
https://www.youtube.com/watch?v=ZZp9IqbhGEw,2025-01-16,https://www.youtube.com/watch?v=WFpFIkyqxe8&list=PLaCMMggEC0ojcreNFq38Iv5YHCpsCGAVq,1186.0
https://www.youtube.com/watch?v=-bavzyixMVQ,2024-12-23,https://www.youtube.com/watch?v=WFpFIkyqxe8&list=PLaCMMggEC0ojcreNFq38Iv5YHCpsCGAVq,1309.0
https://www.youtube.com/watch?v=zx-b2Ps5hLE,2024-12-19,https://www.youtube.com/watch?v=WFpFIkyqxe8&list=PLaCMMggEC0ojcreNFq38Iv5YHCpsCGAVq,1338.0
https://www.youtube.com/watch?v=mDPFdPig1Cg,2024-12-17,https://www.youtube.com/watch?v=WFpFIkyqxe8&list=PLaCMMggEC0ojcreNFq38Iv5YHCpsCGAVq,1356.0
https://www.youtube.com/watch?v=BPsgt8E_Xi0,2024-12-12,https://www.youtube.com/watch?v=WFpFIkyqxe8&list=PLaCMMggEC0ojcreNFq38Iv5YHCpsCGAVq,981.0
https://www.youtube.com/watch?v=-d_IWQusV44,2024-11-28,https://www.youtube.com/watch?v=WFpFIkyqxe8&list=PLaCMMggEC0ojcreNFq38Iv5YHCpsCGAVq,1091.0
https://www.youtube.com/watch?v=5ab5QrXfU6g,2024-11-23,https://www.youtube.com/watch?v=WFpFIkyqxe8&list=PLaCMMggEC0ojcreNFq38Iv5YHCpsCGAVq,1306.0
https://www.youtube.com/watch?v=FXDoK90vTWI,2024-11-14,https://www.youtube.com/watch?v=WFpFIkyqxe8&list=PLaCMMggEC0ojcreNFq38Iv5YHCpsCGAVq,1306.0
https://www.youtube.com/watch?v=Mg544o4ORmI,2024-11-08,https://www.youtube.com/watch?v=WFpFIkyqxe8&list=PLaCMMggEC0ojcreNFq38Iv5YHCpsCGAVq,1266.0
https://www.youtube.com/watch?v=XJwWsMaQV4A,2024-11-07,https://www.youtube.com/watch?v=WFpFIkyqxe8&list=PLaCMMggEC0ojcreNFq38Iv5YHCpsCGAVq,1032.0
https://www.youtube.com/watch?v=wVK517_rAts,2024-11-05,https://www.youtube.com/watch?v=WFpFIkyqxe8&list=PLaCMMggEC0ojcreNFq38Iv5YHCpsCGAVq,1424.0
https://www.youtube.com/watch?v=V1NmYRP4MYs,2024-10-24,https://www.youtube.com/watch?v=WFpFIkyqxe8&list=PLaCMMggEC0ojcreNFq38Iv5YHCpsCGAVq,1357.0
https://www.youtube.com/watch?v=EyjiiiTww4Y,2024-09-19,https://www.youtube.com/watch?v=WFpFIkyqxe8&list=PLaCMMggEC0ojcreNFq38Iv5YHCpsCGAVq,1309.0
https://www.youtube.com/watch?v=R7HDeFWH7pw,2025-02-20,https://www.youtube.com/watch?v=WFpFIkyqxe8&list=PLaCMMggEC0ojcreNFq38Iv5YHCpsCGAVq,1131.0
https://www.youtube.com/watch?v=IdxrLpauaOQ,2024-12-27,https://www.youtube.com/watch?v=IdxrLpauaOQ&list=PLaCMMggEC0ohGwepDmQVHQB8Ky8k5yer-,1927.0
https://www.youtube.com/watch?v=-c8IYInsIKY,2024-11-22,https://www.youtube.com/watch?v=IdxrLpauaOQ&list=PLaCMMggEC0ohGwepDmQVHQB8Ky8k5yer-,1651.0
https://www.youtube.com/watch?v=cAjcCyf7hB8,2024-11-08,https://www.youtube.com/watch?v=IdxrLpauaOQ&list=PLaCMMggEC0ohGwepDmQVHQB8Ky8k5yer-,1690.0
https://www.youtube.com/watch?v=nwSlS5d2geg,2024-11-01,https://www.youtube.com/watch?v=IdxrLpauaOQ&list=PLaCMMggEC0ohGwepDmQVHQB8Ky8k5yer-,1581.0
https://www.youtube.com/watch?v=aI2QNBFDIdc,2024-10-25,https://www.youtube.com/watch?v=IdxrLpauaOQ&list=PLaCMMggEC0ohGwepDmQVHQB8Ky8k5yer-,1983.0
https://www.youtube.com/watch?v=Xu99jkDkNM4,2024-10-19,https://www.youtube.com/watch?v=IdxrLpauaOQ&list=PLaCMMggEC0ohGwepDmQVHQB8Ky8k5yer-,1928.0
https://www.youtube.com/watch?v=MFa0IR940iM,2024-09-20,https://www.youtube.com/watch?v=IdxrLpauaOQ&list=PLaCMMggEC0ohGwepDmQVHQB8Ky8k5yer-,1894.0
https://www.youtube.com/watch?v=0VvRTVjiKB4,2024-09-13,https://www.youtube.com/watch?v=IdxrLpauaOQ&list=PLaCMMggEC0ohGwepDmQVHQB8Ky8k5yer-,1792.0
https://www.youtube.com/watch?v=8jLG5iLp2n0,2024-12-15,https://www.youtube.com/watch?v=8jLG5iLp2n0&list=PLaN8UhCA4DZKWCEHIxmaCbcB8xoQhq5J9,1840.0
https://www.youtube.com/watch?v=RfrtvCQgdQM,2024-11-24,https://www.youtube.com/watch?v=8jLG5iLp2n0&list=PLaN8UhCA4DZKWCEHIxmaCbcB8xoQhq5J9,2466.0
https://www.youtube.com/watch?v=13wIGYVO85M,2024-11-03,https://www.youtube.com/watch?v=8jLG5iLp2n0&list=PLaN8UhCA4DZKWCEHIxmaCbcB8xoQhq5J9,1909.0
https://www.youtube.com/watch?v=PewOsbiuZD4,2024-10-20,https://www.youtube.com/watch?v=8jLG5iLp2n0&list=PLaN8UhCA4DZKWCEHIxmaCbcB8xoQhq5J9,1887.0
https://www.youtube.com/watch?v=GFfu3itBlp4,2024-10-13,https://www.youtube.com/watch?v=8jLG5iLp2n0&list=PLaN8UhCA4DZKWCEHIxmaCbcB8xoQhq5J9,2535.0
https://www.youtube.com/watch?v=cfXhoPfdDGU,2024-09-22,https://www.youtube.com/watch?v=8jLG5iLp2n0&list=PLaN8UhCA4DZKWCEHIxmaCbcB8xoQhq5J9,1933.0
https://www.youtube.com/watch?v=rHNc2uunCog,2024-09-15,https://www.youtube.com/watch?v=8jLG5iLp2n0&list=PLaN8UhCA4DZKWCEHIxmaCbcB8xoQhq5J9,1875.0
https://www.youtube.com/watch?v=cQueb2F4eFk,2024-09-01,https://www.youtube.com/watch?v=8jLG5iLp2n0&list=PLaN8UhCA4DZKWCEHIxmaCbcB8xoQhq5J9,2669.0
https://www.youtube.com/watch?v=HDWnyfMjf1c,2025-01-28,https://www.youtube.com/watch?v=HDWnyfMjf1c&list=PL-6HEVE_WmfllpEVvsrfwsW0hOHzSctdB,2745.0
https://www.youtube.com/watch?v=cllm9LkVEZ4,2025-01-19,https://www.youtube.com/watch?v=cllm9LkVEZ4&list=PLK016XgnyqhiaQRJ68YLnUzYL9LaMIbtl,846.0
https://www.youtube.com/watch?v=-A42ebNCLUA,2024-12-13,https://www.youtube.com/watch?v=cllm9LkVEZ4&list=PLK016XgnyqhiaQRJ68YLnUzYL9LaMIbtl,972.0
https://www.youtube.com/watch?v=ZHwGFLB0Vsk,2024-11-21,https://www.youtube.com/watch?v=cllm9LkVEZ4&list=PLK016XgnyqhiaQRJ68YLnUzYL9LaMIbtl,640.0
https://www.youtube.com/watch?v=_Lcicm7vnxY,2024-11-08,https://www.youtube.com/watch?v=cllm9LkVEZ4&list=PLK016XgnyqhiaQRJ68YLnUzYL9LaMIbtl,755.0
https://www.youtube.com/watch?v=Tpn-7rrajiw,2025-01-27,https://www.youtube.com/watch?v=kKaQFupH1TQ&list=PLA-ufGbClOXYINgBzHSF9jKB2vF9BQYg4&index=199,87.0
https://www.youtube.com/watch?v=l0hA5G8OHu8,2024-10-12,https://www.youtube.com/watch?v=kKaQFupH1TQ&list=PLA-ufGbClOXYINgBzHSF9jKB2vF9BQYg4&index=199,153.0
https://www.youtube.com/watch?v=kmHvy6OiUqI,2024-12-10,https://www.youtube.com/watch?v=kKaQFupH1TQ&list=PLA-ufGbClOXYINgBzHSF9jKB2vF9BQYg4&index=199,78.0
https://www.youtube.com/watch?v=5WEBNF5aLk8,2024-12-24,https://www.youtube.com/watch?v=kKaQFupH1TQ&list=PLA-ufGbClOXYINgBzHSF9jKB2vF9BQYg4&index=199,95.0
https://www.youtube.com/watch?v=hOlBbJW_yVo,2025-01-13,https://www.youtube.com/watch?v=kKaQFupH1TQ&list=PLA-ufGbClOXYINgBzHSF9jKB2vF9BQYg4&index=199,89.0
https://www.youtube.com/watch?v=uBDP642O5Ac,2024-12-18,https://www.youtube.com/watch?v=kKaQFupH1TQ&list=PLA-ufGbClOXYINgBzHSF9jKB2vF9BQYg4&index=199,90.0
https://www.youtube.com/watch?v=Gzb2EbnRanU,2025-01-22,https://www.youtube.com/watch?v=kKaQFupH1TQ&list=PLA-ufGbClOXYINgBzHSF9jKB2vF9BQYg4&index=199,102.0
https://www.youtube.com/watch?v=R7K6TNQMv-c,2024-12-22,https://www.youtube.com/watch?v=kKaQFupH1TQ&list=PLA-ufGbClOXYINgBzHSF9jKB2vF9BQYg4&index=199,93.0
https://www.youtube.com/watch?v=xNTyYv95-qQ,2024-11-09,https://www.youtube.com/watch?v=kKaQFupH1TQ&list=PLA-ufGbClOXYINgBzHSF9jKB2vF9BQYg4&index=199,150.0
https://www.youtube.com/watch?v=U6b4batzO_I,2025-02-01,https://www.youtube.com/watch?v=kKaQFupH1TQ&list=PLA-ufGbClOXYINgBzHSF9jKB2vF9BQYg4&index=199,85.0
https://www.youtube.com/watch?v=gBLEbudTeq4,2024-12-29,https://www.youtube.com/watch?v=kKaQFupH1TQ&list=PLA-ufGbClOXYINgBzHSF9jKB2vF9BQYg4&index=199,82.0
https://www.youtube.com/watch?v=1gVtPQjwGgA,2024-12-08,https://www.youtube.com/watch?v=kKaQFupH1TQ&list=PLA-ufGbClOXYINgBzHSF9jKB2vF9BQYg4&index=199,87.0
https://www.youtube.com/watch?v=Ea9JGnfJsEw,2024-12-06,https://www.youtube.com/watch?v=kKaQFupH1TQ&list=PLA-ufGbClOXYINgBzHSF9jKB2vF9BQYg4&index=199,1854.0
https://www.youtube.com/watch?v=sU3NQaaptcg,2024-11-15,https://www.youtube.com/watch?v=kKaQFupH1TQ&list=PLA-ufGbClOXYINgBzHSF9jKB2vF9BQYg4&index=199,1921.0
https://www.youtube.com/watch?v=KVEXYznDfWM,2024-10-11,https://www.youtube.com/watch?v=kKaQFupH1TQ&list=PLA-ufGbClOXYINgBzHSF9jKB2vF9BQYg4&index=199,1867.0
https://www.youtube.com/watch?v=pHADYxMmduY,2024-09-21,https://www.youtube.com/watch?v=kKaQFupH1TQ&list=PLA-ufGbClOXYINgBzHSF9jKB2vF9BQYg4&index=199,165.0
https://www.youtube.com/watch?v=G-U-P9VmKJ0,2025-01-21,https://www.youtube.com/watch?v=kKaQFupH1TQ&list=PLA-ufGbClOXYINgBzHSF9jKB2vF9BQYg4&index=199,90.0
https://www.youtube.com/watch?v=bHIBtfrSQ-Q,2025-01-06,https://www.youtube.com/watch?v=kKaQFupH1TQ&list=PLA-ufGbClOXYINgBzHSF9jKB2vF9BQYg4&index=199,91.0
https://www.youtube.com/watch?v=fK6PLtNm1Rg,2024-12-23,https://www.youtube.com/watch?v=kKaQFupH1TQ&list=PLA-ufGbClOXYINgBzHSF9jKB2vF9BQYg4&index=199,92.0
https://www.youtube.com/watch?v=scfNuf4bJ9A,2024-09-04,https://www.youtube.com/watch?v=kKaQFupH1TQ&list=PLA-ufGbClOXYINgBzHSF9jKB2vF9BQYg4&index=199,60.0
https://www.youtube.com/watch?v=1eI6mOEVFxM,2025-01-04,https://www.youtube.com/watch?v=kKaQFupH1TQ&list=PLA-ufGbClOXYINgBzHSF9jKB2vF9BQYg4&index=199,89.0
https://www.youtube.com/watch?v=shhAhytTD4A,2024-08-31,https://www.youtube.com/watch?v=kKaQFupH1TQ&list=PLA-ufGbClOXYINgBzHSF9jKB2vF9BQYg4&index=199,121.0
https://www.youtube.com/watch?v=z7otZT6SE1U,2025-02-19,https://www.youtube.com/watch?v=kKaQFupH1TQ&list=PLA-ufGbClOXYINgBzHSF9jKB2vF9BQYg4&index=199,87.0
https://www.youtube.com/watch?v=T0Wx6xf_usE,2025-01-03,https://www.youtube.com/watch?v=kKaQFupH1TQ&list=PLA-ufGbClOXYINgBzHSF9jKB2vF9BQYg4&index=199,2049.0
https://www.youtube.com/watch?v=ZcriVrzus30,2024-10-19,https://www.youtube.com/watch?v=kKaQFupH1TQ&list=PLA-ufGbClOXYINgBzHSF9jKB2vF9BQYg4&index=199,60.0
https://www.youtube.com/watch?v=COj-EACgn50,2024-09-03,https://www.youtube.com/watch?v=kKaQFupH1TQ&list=PLA-ufGbClOXYINgBzHSF9jKB2vF9BQYg4&index=199,60.0
https://www.youtube.com/watch?v=Q1k57fOlspI,2024-09-13,https://www.youtube.com/watch?v=kKaQFupH1TQ&list=PLA-ufGbClOXYINgBzHSF9jKB2vF9BQYg4&index=199,1582.0
https://www.youtube.com/watch?v=3yCgPMDkXlQ,2024-12-28,https://www.youtube.com/watch?v=kKaQFupH1TQ&list=PLA-ufGbClOXYINgBzHSF9jKB2vF9BQYg4&index=199,68.0
https://www.youtube.com/watch?v=xNe__zw41h4,2024-10-09,https://www.youtube.com/watch?v=kKaQFupH1TQ&list=PLA-ufGbClOXYINgBzHSF9jKB2vF9BQYg4&index=199,60.0
https://www.youtube.com/watch?v=6T2ZFtMW_MU,2025-02-03,https://www.youtube.com/watch?v=kKaQFupH1TQ&list=PLA-ufGbClOXYINgBzHSF9jKB2vF9BQYg4&index=199,92.0
https://www.youtube.com/watch?v=AS0R90iEEow,2025-01-12,https://www.youtube.com/watch?v=kKaQFupH1TQ&list=PLA-ufGbClOXYINgBzHSF9jKB2vF9BQYg4&index=199,91.0
https://www.youtube.com/watch?v=SH3pajI4oBk,2024-09-16,https://www.youtube.com/watch?v=kKaQFupH1TQ&list=PLA-ufGbClOXYINgBzHSF9jKB2vF9BQYg4&index=199,60.0
https://www.youtube.com/watch?v=9SLyyHFuO_Q,2024-12-09,https://www.youtube.com/watch?v=kKaQFupH1TQ&list=PLA-ufGbClOXYINgBzHSF9jKB2vF9BQYg4&index=199,92.0
https://www.youtube.com/watch?v=jlTCLmZIFgs,2024-09-17,https://www.youtube.com/watch?v=kKaQFupH1TQ&list=PLA-ufGbClOXYINgBzHSF9jKB2vF9BQYg4&index=199,60.0
https://www.youtube.com/watch?v=kKaQFupH1TQ,2025-02-17,https://www.youtube.com/watch?v=kKaQFupH1TQ&list=PLA-ufGbClOXYINgBzHSF9jKB2vF9BQYg4&index=199,99.0
https://www.youtube.com/watch?v=3ZIL4SJ_Ihw,2024-10-25,https://www.youtube.com/watch?v=kKaQFupH1TQ&list=PLA-ufGbClOXYINgBzHSF9jKB2vF9BQYg4&index=199,1975.0
https://www.youtube.com/watch?v=L6Aw9OCkrX0,2025-02-24,https://www.youtube.com/watch?v=kKaQFupH1TQ&list=PLA-ufGbClOXYINgBzHSF9jKB2vF9BQYg4&index=199,86.0
https://www.youtube.com/watch?v=0D248RHjHgE,2024-09-20,https://www.youtube.com/watch?v=kKaQFupH1TQ&list=PLA-ufGbClOXYINgBzHSF9jKB2vF9BQYg4&index=199,1891.0
https://www.youtube.com/watch?v=pB9ezPs4Bjs,2024-10-05,https://www.youtube.com/watch?v=kKaQFupH1TQ&list=PLA-ufGbClOXYINgBzHSF9jKB2vF9BQYg4&index=199,106.0
https://www.youtube.com/watch?v=KaNFKEnX6s0,2024-11-30,https://www.youtube.com/watch?v=kKaQFupH1TQ&list=PLA-ufGbClOXYINgBzHSF9jKB2vF9BQYg4&index=199,70.0
https://www.youtube.com/watch?v=oM_J6EntOZc,2025-01-28,https://www.youtube.com/watch?v=kKaQFupH1TQ&list=PLA-ufGbClOXYINgBzHSF9jKB2vF9BQYg4&index=199,91.0
https://www.youtube.com/watch?v=d3X5wpqSq_M,2024-11-19,https://www.youtube.com/watch?v=kKaQFupH1TQ&list=PLA-ufGbClOXYINgBzHSF9jKB2vF9BQYg4&index=199,79.0
https://www.youtube.com/watch?v=koWpyMD26h4,2024-11-02,https://www.youtube.com/watch?v=kKaQFupH1TQ&list=PLA-ufGbClOXYINgBzHSF9jKB2vF9BQYg4&index=199,114.0
https://www.youtube.com/watch?v=L3e6BX2Hy6U,2025-02-16,https://www.youtube.com/watch?v=kKaQFupH1TQ&list=PLA-ufGbClOXYINgBzHSF9jKB2vF9BQYg4&index=199,88.0
https://www.youtube.com/watch?v=4l-roktJiM0,2024-10-26,https://www.youtube.com/watch?v=kKaQFupH1TQ&list=PLA-ufGbClOXYINgBzHSF9jKB2vF9BQYg4&index=199,110.0
https://www.youtube.com/watch?v=0-q_jMJ5VOg,2024-11-17,https://www.youtube.com/watch?v=kKaQFupH1TQ&list=PLA-ufGbClOXYINgBzHSF9jKB2vF9BQYg4&index=199,88.0
https://www.youtube.com/watch?v=D-tTysYtRqk,2024-12-14,https://www.youtube.com/watch?v=kKaQFupH1TQ&list=PLA-ufGbClOXYINgBzHSF9jKB2vF9BQYg4&index=199,92.0
https://www.youtube.com/watch?v=j-_eBEAvk-Q,2025-02-04,https://www.youtube.com/watch?v=kKaQFupH1TQ&list=PLA-ufGbClOXYINgBzHSF9jKB2vF9BQYg4&index=199,80.0
https://www.youtube.com/watch?v=AgkW828DSvU,2024-10-29,https://www.youtube.com/watch?v=kKaQFupH1TQ&list=PLA-ufGbClOXYINgBzHSF9jKB2vF9BQYg4&index=199,60.0
https://www.youtube.com/watch?v=gwG6XKvFFqc,2025-02-02,https://www.youtube.com/watch?v=kKaQFupH1TQ&list=PLA-ufGbClOXYINgBzHSF9jKB2vF9BQYg4&index=199,91.0
https://www.youtube.com/watch?v=Ry5D7bI5hIM,2025-01-26,https://www.youtube.com/watch?v=KUpw1N6ccYg&list=PLTs3sxp3sjr6doDnZoqOFsbMpNEQILj5u&index=5,87.0
https://www.youtube.com/watch?v=TLDmjtbjxJk,2025-01-27,https://www.youtube.com/watch?v=KUpw1N6ccYg&list=PLTs3sxp3sjr6doDnZoqOFsbMpNEQILj5u&index=5,79.0
https://www.youtube.com/watch?v=ex9ZdezY2-I,2024-10-01,https://www.youtube.com/watch?v=KUpw1N6ccYg&list=PLTs3sxp3sjr6doDnZoqOFsbMpNEQILj5u&index=5,84.0
https://www.youtube.com/watch?v=KR6mrTg2Xqs,2025-01-20,https://www.youtube.com/watch?v=KUpw1N6ccYg&list=PLTs3sxp3sjr6doDnZoqOFsbMpNEQILj5u&index=5,63.0
https://www.youtube.com/watch?v=LXMhTRelMVQ,2024-09-05,https://www.youtube.com/watch?v=KUpw1N6ccYg&list=PLTs3sxp3sjr6doDnZoqOFsbMpNEQILj5u&index=5,135.0
https://www.youtube.com/watch?v=u8u_nSAuMZ4,2024-10-22,https://www.youtube.com/watch?v=KUpw1N6ccYg&list=PLTs3sxp3sjr6doDnZoqOFsbMpNEQILj5u&index=5,149.0
https://www.youtube.com/watch?v=H-rc7yBdLbc,2024-09-20,https://www.youtube.com/watch?v=KUpw1N6ccYg&list=PLTs3sxp3sjr6doDnZoqOFsbMpNEQILj5u&index=5,116.0
https://www.youtube.com/watch?v=OIuOQIZP770,2024-10-06,https://www.youtube.com/watch?v=KUpw1N6ccYg&list=PLTs3sxp3sjr6doDnZoqOFsbMpNEQILj5u&index=5,90.0
https://www.youtube.com/watch?v=YCiDWp-wqyM,2025-01-12,https://www.youtube.com/watch?v=KUpw1N6ccYg&list=PLTs3sxp3sjr6doDnZoqOFsbMpNEQILj5u&index=5,148.0
https://www.youtube.com/watch?v=x-EOcZZNhnY,2024-09-25,https://www.youtube.com/watch?v=KUpw1N6ccYg&list=PLTs3sxp3sjr6doDnZoqOFsbMpNEQILj5u&index=5,105.0
https://www.youtube.com/watch?v=55C56Zcvcdw,2024-12-01,https://www.youtube.com/watch?v=KUpw1N6ccYg&list=PLTs3sxp3sjr6doDnZoqOFsbMpNEQILj5u&index=5,84.0
https://www.youtube.com/watch?v=FxaCKjeqmJQ,2024-12-30,https://www.youtube.com/watch?v=KUpw1N6ccYg&list=PLTs3sxp3sjr6doDnZoqOFsbMpNEQILj5u&index=5,122.0
https://www.youtube.com/watch?v=St1TSnTzRsg,2024-10-04,https://www.youtube.com/watch?v=KUpw1N6ccYg&list=PLTs3sxp3sjr6doDnZoqOFsbMpNEQILj5u&index=5,165.0
https://www.youtube.com/watch?v=8rPdWXxgyTs,2024-10-30,https://www.youtube.com/watch?v=KUpw1N6ccYg&list=PLTs3sxp3sjr6doDnZoqOFsbMpNEQILj5u&index=5,119.0
https://www.youtube.com/watch?v=9R449Qv9D_Y,2024-12-20,https://www.youtube.com/watch?v=KUpw1N6ccYg&list=PLTs3sxp3sjr6doDnZoqOFsbMpNEQILj5u&index=5,131.0
https://www.youtube.com/watch?v=dTGVxOFaKXU,2024-11-20,https://www.youtube.com/watch?v=KUpw1N6ccYg&list=PLTs3sxp3sjr6doDnZoqOFsbMpNEQILj5u&index=5,136.0
https://www.youtube.com/watch?v=gORbeoXuFc8,2024-09-18,https://www.youtube.com/watch?v=KUpw1N6ccYg&list=PLTs3sxp3sjr6doDnZoqOFsbMpNEQILj5u&index=5,72.0
https://www.youtube.com/watch?v=k8KFg-8-PZ8,2024-10-13,https://www.youtube.com/watch?v=KUpw1N6ccYg&list=PLTs3sxp3sjr6doDnZoqOFsbMpNEQILj5u&index=5,60.0
https://www.youtube.com/watch?v=TAXlQifkGDM,2024-09-24,https://www.youtube.com/watch?v=KUpw1N6ccYg&list=PLTs3sxp3sjr6doDnZoqOFsbMpNEQILj5u&index=5,108.0
https://www.youtube.com/watch?v=GbI_zvRV8tc,2025-01-08,https://www.youtube.com/watch?v=KUpw1N6ccYg&list=PLTs3sxp3sjr6doDnZoqOFsbMpNEQILj5u&index=5,83.0
https://www.youtube.com/watch?v=QBwdWQzsJXc,2024-11-05,https://www.youtube.com/watch?v=KUpw1N6ccYg&list=PLTs3sxp3sjr6doDnZoqOFsbMpNEQILj5u&index=5,163.0
https://www.youtube.com/watch?v=LIDdado-na0,2024-11-21,https://www.youtube.com/watch?v=KUpw1N6ccYg&list=PLTs3sxp3sjr6doDnZoqOFsbMpNEQILj5u&index=5,381.0
https://www.youtube.com/watch?v=BrrapEAsSsk,2024-10-18,https://www.youtube.com/watch?v=KUpw1N6ccYg&list=PLTs3sxp3sjr6doDnZoqOFsbMpNEQILj5u&index=5,479.0
https://www.youtube.com/watch?v=ZnBmXuQr194,2024-11-23,https://www.youtube.com/watch?v=KUpw1N6ccYg&list=PLTs3sxp3sjr6doDnZoqOFsbMpNEQILj5u&index=5,62.0
https://www.youtube.com/watch?v=c5aImSDzPyE,2024-11-03,https://www.youtube.com/watch?v=KUpw1N6ccYg&list=PLTs3sxp3sjr6doDnZoqOFsbMpNEQILj5u&index=5,67.0
https://www.youtube.com/watch?v=qBjkTbYVVnw,2025-02-19,https://www.youtube.com/watch?v=KUpw1N6ccYg&list=PLTs3sxp3sjr6doDnZoqOFsbMpNEQILj5u&index=5,79.0
https://www.youtube.com/watch?v=UbFGjIRYoxs,2025-01-27,https://www.youtube.com/watch?v=KUpw1N6ccYg&list=PLTs3sxp3sjr6doDnZoqOFsbMpNEQILj5u&index=5,132.0
https://www.youtube.com/watch?v=gs4bNmZTD7I,2025-01-12,https://www.youtube.com/watch?v=KUpw1N6ccYg&list=PLTs3sxp3sjr6doDnZoqOFsbMpNEQILj5u&index=5,93.0
https://www.youtube.com/watch?v=cMMTC5ORiQY,2025-02-04,https://www.youtube.com/watch?v=KUpw1N6ccYg&list=PLTs3sxp3sjr6doDnZoqOFsbMpNEQILj5u&index=5,319.0
https://www.youtube.com/watch?v=UAGaGYzvQlo,2024-12-31,https://www.youtube.com/watch?v=KUpw1N6ccYg&list=PLTs3sxp3sjr6doDnZoqOFsbMpNEQILj5u&index=5,75.0
https://www.youtube.com/watch?v=92nJSwibkRU,2025-02-16,https://www.youtube.com/watch?v=KUpw1N6ccYg&list=PLTs3sxp3sjr6doDnZoqOFsbMpNEQILj5u&index=5,69.0
https://www.youtube.com/watch?v=AqscLHzEkSQ,2024-09-01,https://www.youtube.com/watch?v=KUpw1N6ccYg&list=PLTs3sxp3sjr6doDnZoqOFsbMpNEQILj5u&index=5,153.0
https://www.youtube.com/watch?v=MjgxQY2tq28,2024-09-01,https://www.youtube.com/watch?v=KUpw1N6ccYg&list=PLTs3sxp3sjr6doDnZoqOFsbMpNEQILj5u&index=5,117.0
https://www.youtube.com/watch?v=y2T2-rb04RI,2024-11-20,https://www.youtube.com/watch?v=KUpw1N6ccYg&list=PLTs3sxp3sjr6doDnZoqOFsbMpNEQILj5u&index=5,62.0
https://www.youtube.com/watch?v=JK_hf0pHCxI,2024-09-15,https://www.youtube.com/watch?v=KUpw1N6ccYg&list=PLTs3sxp3sjr6doDnZoqOFsbMpNEQILj5u&index=5,76.0
https://www.youtube.com/watch?v=WbOZ8FIeRYY,2024-12-24,https://www.youtube.com/watch?v=KUpw1N6ccYg&list=PLTs3sxp3sjr6doDnZoqOFsbMpNEQILj5u&index=5,142.0
https://www.youtube.com/watch?v=lqOZztvK4r8,2024-09-19,https://www.youtube.com/watch?v=KUpw1N6ccYg&list=PLTs3sxp3sjr6doDnZoqOFsbMpNEQILj5u&index=5,141.0
https://www.youtube.com/watch?v=ym70dZfx9Gg,2025-01-11,https://www.youtube.com/watch?v=KUpw1N6ccYg&list=PLTs3sxp3sjr6doDnZoqOFsbMpNEQILj5u&index=5,79.0
https://www.youtube.com/watch?v=NUwC8k-SG6c,2024-10-24,https://www.youtube.com/watch?v=KUpw1N6ccYg&list=PLTs3sxp3sjr6doDnZoqOFsbMpNEQILj5u&index=5,145.0
https://www.youtube.com/watch?v=399227L--mU,2024-11-03,https://www.youtube.com/watch?v=KUpw1N6ccYg&list=PLTs3sxp3sjr6doDnZoqOFsbMpNEQILj5u&index=5,141.0
https://www.youtube.com/watch?v=OtlZMMmGvYE,2024-11-14,https://www.youtube.com/watch?v=KUpw1N6ccYg&list=PLTs3sxp3sjr6doDnZoqOFsbMpNEQILj5u&index=5,172.0
https://www.youtube.com/watch?v=LOHWai3DJ9g,2025-01-20,https://www.youtube.com/watch?v=KUpw1N6ccYg&list=PLTs3sxp3sjr6doDnZoqOFsbMpNEQILj5u&index=5,113.0
https://www.youtube.com/watch?v=9NWfseFz3fk,2024-09-08,https://www.youtube.com/watch?v=KUpw1N6ccYg&list=PLTs3sxp3sjr6doDnZoqOFsbMpNEQILj5u&index=5,162.0
https://www.youtube.com/watch?v=I0qo2fNis78,2024-09-22,https://www.youtube.com/watch?v=KUpw1N6ccYg&list=PLTs3sxp3sjr6doDnZoqOFsbMpNEQILj5u&index=5,579.0
https://www.youtube.com/watch?v=TRUAowxH2Ds,2024-10-15,https://www.youtube.com/watch?v=KUpw1N6ccYg&list=PLTs3sxp3sjr6doDnZoqOFsbMpNEQILj5u&index=5,490.0
https://www.youtube.com/watch?v=lHJL3nSgwfw,2024-09-15,https://www.youtube.com/watch?v=KUpw1N6ccYg&list=PLTs3sxp3sjr6doDnZoqOFsbMpNEQILj5u&index=5,149.0
https://www.youtube.com/watch?v=glaPrOF978k,2024-12-16,https://www.youtube.com/watch?v=KUpw1N6ccYg&list=PLTs3sxp3sjr6doDnZoqOFsbMpNEQILj5u&index=5,649.0
https://www.youtube.com/watch?v=gKFYEjvDm38,2024-10-22,https://www.youtube.com/watch?v=KUpw1N6ccYg&list=PLTs3sxp3sjr6doDnZoqOFsbMpNEQILj5u&index=5,133.0
https://www.youtube.com/watch?v=DnW1-1S2Epk,2024-10-21,https://www.youtube.com/watch?v=KUpw1N6ccYg&list=PLTs3sxp3sjr6doDnZoqOFsbMpNEQILj5u&index=5,181.0
https://www.youtube.com/watch?v=xMPFO3jrhG8,2024-09-07,https://www.youtube.com/watch?v=KUpw1N6ccYg&list=PLTs3sxp3sjr6doDnZoqOFsbMpNEQILj5u&index=5,109.0
https://www.youtube.com/watch?v=FRmfgj8SlMA,2024-10-09,https://www.youtube.com/watch?v=Xbha4qMezjs&list=PLA-ufGbClOXbBkD-f3cmRYPYUISbWRIKA&index=188,168.0
https://www.youtube.com/watch?v=xJRYvnRcwKE,2025-01-09,https://www.youtube.com/watch?v=Xbha4qMezjs&list=PLA-ufGbClOXbBkD-f3cmRYPYUISbWRIKA&index=188,74.0
https://www.youtube.com/watch?v=bQE4dtnXIXs,2024-10-25,https://www.youtube.com/watch?v=Xbha4qMezjs&list=PLA-ufGbClOXbBkD-f3cmRYPYUISbWRIKA&index=188,117.0
https://www.youtube.com/watch?v=s5tDfNveHew,2024-10-22,https://www.youtube.com/watch?v=Xbha4qMezjs&list=PLA-ufGbClOXbBkD-f3cmRYPYUISbWRIKA&index=188,2986.0
https://www.youtube.com/watch?v=YZ9YbYNNIsY,2025-01-18,https://www.youtube.com/watch?v=Xbha4qMezjs&list=PLA-ufGbClOXbBkD-f3cmRYPYUISbWRIKA&index=188,73.0
https://www.youtube.com/watch?v=mgCMS3hEFwE,2024-12-19,https://www.youtube.com/watch?v=Xbha4qMezjs&list=PLA-ufGbClOXbBkD-f3cmRYPYUISbWRIKA&index=188,99.0
https://www.youtube.com/watch?v=ZDKQsp0Dwx8,2024-09-17,https://www.youtube.com/watch?v=Xbha4qMezjs&list=PLA-ufGbClOXbBkD-f3cmRYPYUISbWRIKA&index=188,2920.0
https://www.youtube.com/watch?v=zQJCWrASuq0,2025-01-26,https://www.youtube.com/watch?v=Xbha4qMezjs&list=PLA-ufGbClOXbBkD-f3cmRYPYUISbWRIKA&index=188,112.0
https://www.youtube.com/watch?v=l5zQJUwvVfI,2025-01-15,https://www.youtube.com/watch?v=Xbha4qMezjs&list=PLA-ufGbClOXbBkD-f3cmRYPYUISbWRIKA&index=188,145.0
https://www.youtube.com/watch?v=p0daGPqoNCU,2025-01-29,https://www.youtube.com/watch?v=Xbha4qMezjs&list=PLA-ufGbClOXbBkD-f3cmRYPYUISbWRIKA&index=188,78.0
https://www.youtube.com/watch?v=GG6DeVLdC8E,2024-11-05,https://www.youtube.com/watch?v=Xbha4qMezjs&list=PLA-ufGbClOXbBkD-f3cmRYPYUISbWRIKA&index=188,3044.0
https://www.youtube.com/watch?v=IkuRkYlCp7g,2024-10-01,https://www.youtube.com/watch?v=Xbha4qMezjs&list=PLA-ufGbClOXbBkD-f3cmRYPYUISbWRIKA&index=188,2976.0
https://www.youtube.com/watch?v=kFhXHj5wsnU,2024-12-06,https://www.youtube.com/watch?v=Xbha4qMezjs&list=PLA-ufGbClOXbBkD-f3cmRYPYUISbWRIKA&index=188,138.0
https://www.youtube.com/watch?v=nJlgcDaiJlk,2025-01-24,https://www.youtube.com/watch?v=Xbha4qMezjs&list=PLA-ufGbClOXbBkD-f3cmRYPYUISbWRIKA&index=188,117.0
https://www.youtube.com/watch?v=anMs6uaR6SU,2025-01-07,https://www.youtube.com/watch?v=Xbha4qMezjs&list=PLA-ufGbClOXbBkD-f3cmRYPYUISbWRIKA&index=188,2857.0
https://www.youtube.com/watch?v=r2faLvOI1jE,2025-01-04,https://www.youtube.com/watch?v=Xbha4qMezjs&list=PLA-ufGbClOXbBkD-f3cmRYPYUISbWRIKA&index=188,90.0
https://www.youtube.com/watch?v=YMX1YXFFVag,2024-11-27,https://www.youtube.com/watch?v=Xbha4qMezjs&list=PLA-ufGbClOXbBkD-f3cmRYPYUISbWRIKA&index=188,93.0
https://www.youtube.com/watch?v=WvRWFDf2C9g,2024-10-24,https://www.youtube.com/watch?v=Xbha4qMezjs&list=PLA-ufGbClOXbBkD-f3cmRYPYUISbWRIKA&index=188,186.0
https://www.youtube.com/watch?v=70pYSQu1bxQ,2025-01-03,https://www.youtube.com/watch?v=Xbha4qMezjs&list=PLA-ufGbClOXbBkD-f3cmRYPYUISbWRIKA&index=188,98.0
https://www.youtube.com/watch?v=H5Z29R8_APs,2025-01-02,https://www.youtube.com/watch?v=Xbha4qMezjs&list=PLA-ufGbClOXbBkD-f3cmRYPYUISbWRIKA&index=188,126.0
https://www.youtube.com/watch?v=3A7gMaTvDUs,2024-09-27,https://www.youtube.com/watch?v=Xbha4qMezjs&list=PLA-ufGbClOXbBkD-f3cmRYPYUISbWRIKA&index=188,128.0
https://www.youtube.com/watch?v=EKDTsX0H9rw,2025-01-20,https://www.youtube.com/watch?v=Xbha4qMezjs&list=PLA-ufGbClOXbBkD-f3cmRYPYUISbWRIKA&index=188,167.0
https://www.youtube.com/watch?v=NsWfJHrDg_k,2025-01-19,https://www.youtube.com/watch?v=Xbha4qMezjs&list=PLA-ufGbClOXbBkD-f3cmRYPYUISbWRIKA&index=188,134.0
https://www.youtube.com/watch?v=aX9cFE9ItFI,2024-12-31,https://www.youtube.com/watch?v=Xbha4qMezjs&list=PLA-ufGbClOXbBkD-f3cmRYPYUISbWRIKA&index=188,2861.0
https://www.youtube.com/watch?v=8DHzg15X8gw,2025-01-20,https://www.youtube.com/watch?v=Xbha4qMezjs&list=PLA-ufGbClOXbBkD-f3cmRYPYUISbWRIKA&index=188,116.0
https://www.youtube.com/watch?v=9wqtAsdjZdI,2024-11-13,https://www.youtube.com/watch?v=Xbha4qMezjs&list=PLA-ufGbClOXbBkD-f3cmRYPYUISbWRIKA&index=188,120.0
https://www.youtube.com/watch?v=tQDzi-VLq44,2025-01-03,https://www.youtube.com/watch?v=Xbha4qMezjs&list=PLA-ufGbClOXbBkD-f3cmRYPYUISbWRIKA&index=188,131.0
https://www.youtube.com/watch?v=QxsSuVpHT94,2024-10-04,https://www.youtube.com/watch?v=Xbha4qMezjs&list=PLA-ufGbClOXbBkD-f3cmRYPYUISbWRIKA&index=188,60.0
https://www.youtube.com/watch?v=rgClyaH_n0M,2024-11-21,https://www.youtube.com/watch?v=Xbha4qMezjs&list=PLA-ufGbClOXbBkD-f3cmRYPYUISbWRIKA&index=188,127.0
https://www.youtube.com/watch?v=rkEf_P5S1fo,2025-01-21,https://www.youtube.com/watch?v=Xbha4qMezjs&list=PLA-ufGbClOXbBkD-f3cmRYPYUISbWRIKA&index=188,3051.0
https://www.youtube.com/watch?v=s1Mjj7vf3fs,2025-01-02,https://www.youtube.com/watch?v=Xbha4qMezjs&list=PLA-ufGbClOXbBkD-f3cmRYPYUISbWRIKA&index=188,79.0
https://www.youtube.com/watch?v=zzfHJIANzdA,2024-09-24,https://www.youtube.com/watch?v=Xbha4qMezjs&list=PLA-ufGbClOXbBkD-f3cmRYPYUISbWRIKA&index=188,3092.0
https://www.youtube.com/watch?v=Tr7qyBeRNqE,2024-12-05,https://www.youtube.com/watch?v=Xbha4qMezjs&list=PLA-ufGbClOXbBkD-f3cmRYPYUISbWRIKA&index=188,163.0
https://www.youtube.com/watch?v=aic4RDdkJmc,2024-12-20,https://www.youtube.com/watch?v=Xbha4qMezjs&list=PLA-ufGbClOXbBkD-f3cmRYPYUISbWRIKA&index=188,92.0
https://www.youtube.com/watch?v=f8IhDijxihA,2025-01-17,https://www.youtube.com/watch?v=Xbha4qMezjs&list=PLA-ufGbClOXbBkD-f3cmRYPYUISbWRIKA&index=188,197.0
https://www.youtube.com/watch?v=_ku-zBj3L50,2024-11-18,https://www.youtube.com/watch?v=Xbha4qMezjs&list=PLA-ufGbClOXbBkD-f3cmRYPYUISbWRIKA&index=188,83.0
https://www.youtube.com/watch?v=QtjCOM9purM,2024-11-23,https://www.youtube.com/watch?v=Xbha4qMezjs&list=PLA-ufGbClOXbBkD-f3cmRYPYUISbWRIKA&index=188,76.0
https://www.youtube.com/watch?v=L3b8xXTFI6U,2025-02-06,https://www.youtube.com/watch?v=Xbha4qMezjs&list=PLA-ufGbClOXbBkD-f3cmRYPYUISbWRIKA&index=188,84.0
https://www.youtube.com/watch?v=IlzLzI18LOU,2025-01-28,https://www.youtube.com/watch?v=Xbha4qMezjs&list=PLA-ufGbClOXbBkD-f3cmRYPYUISbWRIKA&index=188,86.0
https://www.youtube.com/watch?v=ZYYF-rxv9q4,2024-12-19,https://www.youtube.com/watch?v=Xbha4qMezjs&list=PLA-ufGbClOXbBkD-f3cmRYPYUISbWRIKA&index=188,91.0
https://www.youtube.com/watch?v=n9SBBqcK218,2025-02-06,https://www.youtube.com/watch?v=Xbha4qMezjs&list=PLA-ufGbClOXbBkD-f3cmRYPYUISbWRIKA&index=188,63.0
https://www.youtube.com/watch?v=vG22boyUsmg,2025-01-05,https://www.youtube.com/watch?v=Xbha4qMezjs&list=PLA-ufGbClOXbBkD-f3cmRYPYUISbWRIKA&index=188,68.0
https://www.youtube.com/watch?v=gnsy1vGxvO4,2025-01-25,https://www.youtube.com/watch?v=Xbha4qMezjs&list=PLA-ufGbClOXbBkD-f3cmRYPYUISbWRIKA&index=188,177.0
https://www.youtube.com/watch?v=dmnq3tc5pLA,2024-10-24,https://www.youtube.com/watch?v=Xbha4qMezjs&list=PLA-ufGbClOXbBkD-f3cmRYPYUISbWRIKA&index=188,131.0
https://www.youtube.com/watch?v=0HS8U-KXlIs,2025-02-08,https://www.youtube.com/watch?v=Xbha4qMezjs&list=PLA-ufGbClOXbBkD-f3cmRYPYUISbWRIKA&index=188,111.0
https://www.youtube.com/watch?v=SgqDEl-dnLI,2025-01-04,https://www.youtube.com/watch?v=Xbha4qMezjs&list=PLA-ufGbClOXbBkD-f3cmRYPYUISbWRIKA&index=188,87.0
https://www.youtube.com/watch?v=MY3eRqqOXRU,2025-01-25,https://www.youtube.com/watch?v=Xbha4qMezjs&list=PLA-ufGbClOXbBkD-f3cmRYPYUISbWRIKA&index=188,69.0
https://www.youtube.com/watch?v=_Xm10bpIH6M,2025-01-14,https://www.youtube.com/watch?v=Xbha4qMezjs&list=PLA-ufGbClOXbBkD-f3cmRYPYUISbWRIKA&index=188,3006.0
https://www.youtube.com/watch?v=8goQLF_wJ7g,2024-12-21,https://www.youtube.com/watch?v=Xbha4qMezjs&list=PLA-ufGbClOXbBkD-f3cmRYPYUISbWRIKA&index=188,78.0
https://www.youtube.com/watch?v=dwyOYD4OuK8,2024-11-20,https://www.youtube.com/watch?v=Xbha4qMezjs&list=PLA-ufGbClOXbBkD-f3cmRYPYUISbWRIKA&index=188,71.0
https://www.youtube.com/watch?v=V0Kyq6C4oz4,2025-02-18,https://www.youtube.com/watch?v=ox50etn7Gts&list=PL-6HEVE_WmflKdOVtEI2HVq1szAPvV36R,3004.0
https://www.youtube.com/watch?v=ox50etn7Gts,2025-02-11,https://www.youtube.com/watch?v=ox50etn7Gts&list=PL-6HEVE_WmflKdOVtEI2HVq1szAPvV36R,3055.0
https://www.youtube.com/watch?v=kj57CSmXksk,2025-02-04,https://www.youtube.com/watch?v=ox50etn7Gts&list=PL-6HEVE_WmflKdOVtEI2HVq1szAPvV36R,2886.0
https://www.youtube.com/watch?v=BsEb3e4Przg,2025-01-28,https://www.youtube.com/watch?v=ox50etn7Gts&list=PL-6HEVE_WmflKdOVtEI2HVq1szAPvV36R,2771.0
https://www.youtube.com/watch?v=0cE6E7L4iLs,2025-02-25,https://www.youtube.com/watch?v=ox50etn7Gts&list=PL-6HEVE_WmflKdOVtEI2HVq1szAPvV36R,3012.0
https://www.youtube.com/watch?v=5Dqy_KRCV3k,2025-01-25,https://www.youtube.com/watch?v=5Dqy_KRCV3k&list=PLDOdp2xQx8DY6v3xLESMqeAruyOLDDX_f,353.0
https://www.youtube.com/watch?v=NDs4bj_HPKg,2025-01-25,https://www.youtube.com/watch?v=5Dqy_KRCV3k&list=PLDOdp2xQx8DY6v3xLESMqeAruyOLDDX_f,78.0
https://www.youtube.com/watch?v=oSK2GCmK98U,2025-01-25,https://www.youtube.com/watch?v=5Dqy_KRCV3k&list=PLDOdp2xQx8DY6v3xLESMqeAruyOLDDX_f,322.0
https://www.youtube.com/watch?v=uTXBP01i_Ew,2025-01-25,https://www.youtube.com/watch?v=5Dqy_KRCV3k&list=PLDOdp2xQx8DY6v3xLESMqeAruyOLDDX_f,1466.0
https://www.youtube.com/watch?v=n3twfLXe1KY,2025-01-25,https://www.youtube.com/watch?v=5Dqy_KRCV3k&list=PLDOdp2xQx8DY6v3xLESMqeAruyOLDDX_f,154.0
https://www.youtube.com/watch?v=piK58CM0N9w,2024-10-24,https://www.youtube.com/watch?v=5Dqy_KRCV3k&list=PLDOdp2xQx8DY6v3xLESMqeAruyOLDDX_f,1517.0
https://www.youtube.com/watch?v=AcLcU4NOofc,2024-10-24,https://www.youtube.com/watch?v=5Dqy_KRCV3k&list=PLDOdp2xQx8DY6v3xLESMqeAruyOLDDX_f,212.0
https://www.youtube.com/watch?v=SaA7w1ST2-g,2024-10-24,https://www.youtube.com/watch?v=5Dqy_KRCV3k&list=PLDOdp2xQx8DY6v3xLESMqeAruyOLDDX_f,170.0
https://www.youtube.com/watch?v=EDHeqAEaaes,2024-10-23,https://www.youtube.com/watch?v=5Dqy_KRCV3k&list=PLDOdp2xQx8DY6v3xLESMqeAruyOLDDX_f,190.0
https://www.youtube.com/watch?v=IJFD1xhRh9Q,2024-10-23,https://www.youtube.com/watch?v=5Dqy_KRCV3k&list=PLDOdp2xQx8DY6v3xLESMqeAruyOLDDX_f,186.0
https://www.youtube.com/watch?v=We6PWhPhagk,2024-10-23,https://www.youtube.com/watch?v=5Dqy_KRCV3k&list=PLDOdp2xQx8DY6v3xLESMqeAruyOLDDX_f,83.0
https://www.youtube.com/watch?v=yFUEIsL2x2U,2024-10-23,https://www.youtube.com/watch?v=5Dqy_KRCV3k&list=PLDOdp2xQx8DY6v3xLESMqeAruyOLDDX_f,135.0
https://www.youtube.com/watch?v=93dg3JkOV_w,2024-09-08,https://www.youtube.com/watch?v=5Dqy_KRCV3k&list=PLDOdp2xQx8DY6v3xLESMqeAruyOLDDX_f,223.0
https://www.youtube.com/watch?v=8wNhcjB8UkU,2024-09-08,https://www.youtube.com/watch?v=5Dqy_KRCV3k&list=PLDOdp2xQx8DY6v3xLESMqeAruyOLDDX_f,1522.0
https://www.youtube.com/watch?v=LxuAwA_dh2c,2024-09-08,https://www.youtube.com/watch?v=5Dqy_KRCV3k&list=PLDOdp2xQx8DY6v3xLESMqeAruyOLDDX_f,151.0
https://www.youtube.com/watch?v=LzJdzinUDU8,2024-09-08,https://www.youtube.com/watch?v=5Dqy_KRCV3k&list=PLDOdp2xQx8DY6v3xLESMqeAruyOLDDX_f,127.0
https://www.youtube.com/watch?v=IiovLjQQa98,2024-09-07,https://www.youtube.com/watch?v=5Dqy_KRCV3k&list=PLDOdp2xQx8DY6v3xLESMqeAruyOLDDX_f,81.0
https://www.youtube.com/watch?v=cNbaq1wC50o,2024-09-07,https://www.youtube.com/watch?v=5Dqy_KRCV3k&list=PLDOdp2xQx8DY6v3xLESMqeAruyOLDDX_f,127.0
https://www.youtube.com/watch?v=MNJ-8mKSLRo,2025-02-25,https://www.youtube.com/watch?v=EubmJLaSfDE&list=PLHoEQB92lpXo07bpxJtI1xoz71DUhgKvK,6423.0
https://www.youtube.com/watch?v=MDwPI6_GcSk,2025-02-23,https://www.youtube.com/watch?v=EubmJLaSfDE&list=PLHoEQB92lpXo07bpxJtI1xoz71DUhgKvK,6377.0
https://www.youtube.com/watch?v=EubmJLaSfDE,2025-02-20,https://www.youtube.com/watch?v=EubmJLaSfDE&list=PLHoEQB92lpXo07bpxJtI1xoz71DUhgKvK,6566.0
https://www.youtube.com/watch?v=_1qit3CNilY,2025-02-19,https://www.youtube.com/watch?v=EubmJLaSfDE&list=PLHoEQB92lpXo07bpxJtI1xoz71DUhgKvK,6617.0
https://www.youtube.com/watch?v=VQEBFGJR8N8,2025-02-17,https://www.youtube.com/watch?v=EubmJLaSfDE&list=PLHoEQB92lpXo07bpxJtI1xoz71DUhgKvK,6766.0
https://www.youtube.com/watch?v=ogvFcoduaTg,2025-02-16,https://www.youtube.com/watch?v=EubmJLaSfDE&list=PLHoEQB92lpXo07bpxJtI1xoz71DUhgKvK,6216.0
https://www.youtube.com/watch?v=AfMvmIlb1HU,2025-02-13,https://www.youtube.com/watch?v=EubmJLaSfDE&list=PLHoEQB92lpXo07bpxJtI1xoz71DUhgKvK,6746.0
https://www.youtube.com/watch?v=XatLULf45NA,2025-02-12,https://www.youtube.com/watch?v=EubmJLaSfDE&list=PLHoEQB92lpXo07bpxJtI1xoz71DUhgKvK,6343.0
https://www.youtube.com/watch?v=YSQizHm5oPc,2025-02-11,https://www.youtube.com/watch?v=EubmJLaSfDE&list=PLHoEQB92lpXo07bpxJtI1xoz71DUhgKvK,6429.0
https://www.youtube.com/watch?v=LSpsoLWfVH0,2025-02-10,https://www.youtube.com/watch?v=EubmJLaSfDE&list=PLHoEQB92lpXo07bpxJtI1xoz71DUhgKvK,6632.0
https://www.youtube.com/watch?v=DyWU0kcbZis,2025-02-06,https://www.youtube.com/watch?v=EubmJLaSfDE&list=PLHoEQB92lpXo07bpxJtI1xoz71DUhgKvK,6455.0
https://www.youtube.com/watch?v=ppc4YKRDHO8,2025-02-04,https://www.youtube.com/watch?v=EubmJLaSfDE&list=PLHoEQB92lpXo07bpxJtI1xoz71DUhgKvK,6355.0
https://www.youtube.com/watch?v=da6xGb8F48k,2025-02-02,https://www.youtube.com/watch?v=EubmJLaSfDE&list=PLHoEQB92lpXo07bpxJtI1xoz71DUhgKvK,6419.0
https://www.youtube.com/watch?v=dNf0Ddked2E,2025-01-30,https://www.youtube.com/watch?v=EubmJLaSfDE&list=PLHoEQB92lpXo07bpxJtI1xoz71DUhgKvK,6404.0
https://www.youtube.com/watch?v=Ooyo4r8Fyec,2025-01-29,https://www.youtube.com/watch?v=EubmJLaSfDE&list=PLHoEQB92lpXo07bpxJtI1xoz71DUhgKvK,6609.0
https://www.youtube.com/watch?v=k3OOXbo98mU,2025-01-27,https://www.youtube.com/watch?v=EubmJLaSfDE&list=PLHoEQB92lpXo07bpxJtI1xoz71DUhgKvK,6449.0
https://www.youtube.com/watch?v=27J3sLGIrTs,2025-01-26,https://www.youtube.com/watch?v=EubmJLaSfDE&list=PLHoEQB92lpXo07bpxJtI1xoz71DUhgKvK,6700.0
https://www.youtube.com/watch?v=gIrxba58a2w,2025-01-22,https://www.youtube.com/watch?v=EubmJLaSfDE&list=PLHoEQB92lpXo07bpxJtI1xoz71DUhgKvK,6705.0
https://www.youtube.com/watch?v=i-SRbS7ioks,2025-01-21,https://www.youtube.com/watch?v=EubmJLaSfDE&list=PLHoEQB92lpXo07bpxJtI1xoz71DUhgKvK,6561.0
https://www.youtube.com/watch?v=6PUcfTgmVDk,2025-01-20,https://www.youtube.com/watch?v=EubmJLaSfDE&list=PLHoEQB92lpXo07bpxJtI1xoz71DUhgKvK,6769.0
https://www.youtube.com/watch?v=zaDr8r1H8W0,2025-01-19,https://www.youtube.com/watch?v=EubmJLaSfDE&list=PLHoEQB92lpXo07bpxJtI1xoz71DUhgKvK,6336.0
https://www.youtube.com/watch?v=5an_aLHTEOk,2025-01-15,https://www.youtube.com/watch?v=EubmJLaSfDE&list=PLHoEQB92lpXo07bpxJtI1xoz71DUhgKvK,6573.0
https://www.youtube.com/watch?v=ILMVNLgTNHQ,2025-01-14,https://www.youtube.com/watch?v=EubmJLaSfDE&list=PLHoEQB92lpXo07bpxJtI1xoz71DUhgKvK,6718.0
https://www.youtube.com/watch?v=tg6RUGHpe5Q,2025-01-13,https://www.youtube.com/watch?v=EubmJLaSfDE&list=PLHoEQB92lpXo07bpxJtI1xoz71DUhgKvK,6350.0
https://www.youtube.com/watch?v=bDVv7pxboSM,2025-01-12,https://www.youtube.com/watch?v=EubmJLaSfDE&list=PLHoEQB92lpXo07bpxJtI1xoz71DUhgKvK,6525.0
https://www.youtube.com/watch?v=HiEowfJpOaA,2025-01-09,https://www.youtube.com/watch?v=EubmJLaSfDE&list=PLHoEQB92lpXo07bpxJtI1xoz71DUhgKvK,6542.0
https://www.youtube.com/watch?v=-wfO60SOwPo,2025-01-08,https://www.youtube.com/watch?v=EubmJLaSfDE&list=PLHoEQB92lpXo07bpxJtI1xoz71DUhgKvK,6250.0
https://www.youtube.com/watch?v=LmWg8McrQsc,2025-02-05,https://www.youtube.com/watch?v=LmWg8McrQsc&list=PL-6HEVE_Wmfl9BBaeQ5XzCUKG6Cy1rmoyy,382.0
